버전,RewardBagID,Tag,EachRewardIDs,MergeRewardBagIDs,JointRewardIDs,,,,,,,,,,
b_0,1,일일미션 - 일일미션 올 클리어,"100, 101",,,,,,,,,,,,
b_0,2,일일미션 - 로그인,"200, 201, 202, 203",,,,,,,,,,,,
b_0,3,일일미션 - 몬스터 사냥하기,"300, 301",,,,,,,,,,,,
b_0,4,일일미션 - 포션 사용하기,"400, 401",,,,,,,,,,,,
b_0,5,일일미션 - 골드 사용하기,"500, 501",,,,,,,,,,,,
b_0,6,일일미션 - 솔로 레이드 클리어,"600, 601",,,,,,,,,,,,
b_0,7,일일미션 - 멀티 레이드 클리어,"700, 701",,,,,,,,,,,,
b_0,20,주간미션 - 주간미션 올 클리어,"2000, 2001",,,,,,,,,,,,
b_0,21,주간미션 - 몬스터 사냥하기,"2100, 2101",,,,,,,,,,,,
b_0,22,주간미션 - 아이템 강화하기,"2200, 2201",,,,,,,,,,,,
b_0,23,주간미션 - 골드 획득하기,"2300, 2301",,,,,,,,,,,,
b_0,24,주간미션 - 솔로 레이드 클리어,"2400, 2401",,,,,,,,,,,,
b_0,25,주간미션 - 멀티 레이드 클리어,"2500, 2501",,,,,,,,,,,,
b_0,40,업적 (골드 1단계),"4000, 4001",,,,,,,,,,,,
b_0,41,업적 (골드 2단계),"4100, 4101",,,,,,,,,,,,
b_0,42,업적 (골드 3단계),"4200, 4201",,,,,,,,,,,,
b_0,43,업적 (골드 4단계),"4300, 4301",,,,,,,,,,,,
b_0,44,업적 (골드 5단계),"4400, 4401",,,,,,,,,,,,
b_0,45,업적 - 몬스터 사냥 1단계,"4500, 4501",,,,,,,,,,,,
b_0,46,업적 - 몬스터 사냥 2단계,"4600, 4601",,,,,,,,,,,,
b_0,47,업적 - 몬스터 사냥 3단계,"4700, 4701",,,,,,,,,,,,
b_0,48,업적 - 몬스터 사냥 4단계,"4800, 4801",,,,,,,,,,,,
b_0,49,업적 - 레벨 달성 1단계,"4900, 4901",,,,,,,,,,,,
b_0,50,업적 - 레벨 달성 2단계,"5000, 5001",,,,,,,,,,,,
b_0,51,업적 - 레벨 달성 3단계,"5100, 5101",,,,,,,,,,,,
b_0,52,업적 - 레벨 달성 4단계,"5200, 5201",,,,,,,,,,,,
b_0,53,업적 - 레벨 달성 5단계,"5300, 5301",,,,,,,,,,,,
b_0,54,업적 - 포션 사용 1단계,"5400, 5401",,,,,,,,,,,,
b_0,55,업적 - 포션 사용 2단계,"5500, 5501",,,,,,,,,,,,
b_0,56,업적 - 포션 사용 3단계,"5600, 5601",,,,,,,,,,,,
b_0,57,업적 - 포션 사용 4단계,"5700, 5701",,,,,,,,,,,,
b_0,58,업적 - 포션 사용 5단계,"5800, 5801",,,,,,,,,,,,
b_0,59,업적 - 첫 클리어 위키드라임,"5900, 5901",,,,,,,,,,,,
b_0,60,업적 - 첫 클리어 호드,"6000, 6001",,,,,,,,,,,,
b_0,61,업적 - 첫 클리어 아케론,"6100, 6101",,,,,,,,,,,,
b_0,62,업적 - 첫 클리어 카발라,"6200, 6201",,,,,,,,,,,,
b_0,63,업적 - 첫 클리어 네르갈,"6300, 6301",,,,,,,,,,,,
b_0,64,업적 - 첫 클리어 샤르쿠,"6400, 6401",,,,,,,,,,,,
b_0,65,업적 - 골드 사용 1단계,"6500, 6501",,,,,,,,,,,,
b_0,66,업적 - 골드 사용 2단계,"6600, 6601",,,,,,,,,,,,
b_0,67,업적 - 골드 사용 3단계,"6700, 6701",,,,,,,,,,,,
b_0,68,업적 - 골드 사용 4단계,"6800, 6801",,,,,,,,,,,,
b_0,69,업적 - 젬 사용 1단계,"6900, 6901",,,,,,,,,,,,
b_0,70,업적 - 젬 사용 2단계,"7000, 7001",,,,,,,,,,,,
b_0,71,업적 - 젬 사용 3단계,"7100, 7101",,,,,,,,,,,,
b_0,72,업적 - 젬 사용 4단계,"7200, 7201",,,,,,,,,,,,
b_0,73,업적 - 강화 성공 1단계,"7300, 7301",,,,,,,,,,,,
b_0,74,업적 - 강화 성공 2단계,"7400, 7401",,,,,,,,,,,,
b_0,75,업적 - 강화 성공 3단계,"7500, 7501",,,,,,,,,,,,
b_0,76,업적 - 강화 성공 4단계,"7600, 7601",,,,,,,,,,,,
b_0,77,업적 - 강화 실패 1단계,"7700, 7701",,,,,,,,,,,,
b_0,78,업적 - 강화 실패 2단계,"7800, 7801",,,,,,,,,,,,
b_0,79,업적 - 강화 실패 3단계,"7900, 7901",,,,,,,,,,,,
b_0,80,업적 - 강화 실패 4단계,"8000, 8001",,,,,,,,,,,,
b_0,81,업적 - 강화 파괴 1단계,"8100, 8101",,,,,,,,,,,,
b_0,82,업적 - 강화 파괴 2단계,"8200, 8201",,,,,,,,,,,,
b_0,83,업적 - 강화 파괴 3단계,"8300, 8301",,,,,,,,,,,,
b_0,84,업적 - 강화 파괴 4단계,"8400, 8401",,,,,,,,,,,,
b_0,85,업적 - 솔로 레이드 1단계,"8500, 8501",,,,,,,,,,,,
b_0,86,업적 - 솔로 레이드 2단계,"8600, 8601",,,,,,,,,,,,
b_0,87,업적 - 솔로 레이드 3단계,"8700, 8701",,,,,,,,,,,,
b_0,88,업적 - 솔로 레이드 4단계,"8800, 8801",,,,,,,,,,,,
b_0,89,업적 - 멀티 레이드 1단계,"8900, 8901",,,,,,,,,,,,
b_0,90,업적 - 멀티 레이드 2단계,"9000, 9001",,,,,,,,,,,,
b_0,91,업적 - 멀티 레이드 3단계,"9100, 9101",,,,,,,,,,,,
b_0,92,업적 - 멀티 레이드 4단계,"9200, 9201",,,,,,,,,,,,
b_0,93,업적 - 필드 보스 초원,"9300, 9301",,,,,,,,,,,,
b_0,94,업적 - 필드 보스 숲,"9400, 9401",,,,,,,,,,,,
b_0,95,업적 - 필드 보스 동굴,"9500, 9501",,,,,,,,,,,,
b_0,96,업적 - 필드 보스 용암,"9600, 9601",,,,,,,,,,,,
b_0,97,업적 - 필드 보스 설산,"9700, 9701",,,,,,,,,,,,
b_0,98,업적 - 연금술 시도 1단계,"9800, 9801",,,,,,,,,,,,
b_0,99,업적 - 연금술 시도 2단계,"9900, 9901",,,,,,,,,,,,
b_0,100,업적 - 연금술 시도 3단계,"10000, 10001",,,,,,,,,,,,
b_0,101,업적 - 연금술 시도 4단계,"10100, 10101",,,,,,,,,,,,
b_0,102,업적 - 아이템 제작 1단계,"10200, 10201",,,,,,,,,,,,
b_0,103,업적 - 아이템 제작 2단계,"10300, 10301",,,,,,,,,,,,
b_0,104,업적 - 아이템 제작 3단계,"10400, 10401",,,,,,,,,,,,
b_0,105,업적 - 아이템 제작 4단계,"10500, 10501",,,,,,,,,,,,
b_0,106,업적 - 아이템 제작 5단계,"10600, 10601",,,,,,,,,,,,
b_0,107,업적 - 던전 보스 처치,"10700, 10701",,,,,,,,,,,,
b_0,501,계정퀘스트 임시 1,50100 ,,,,,,,,,,,,
b_0,502,계정퀘스트 임시 2,50200 ,,,,,,,,,,,,
b_0,503,계정퀘스트 임시 3,50300 ,,,,,,,,,,,,
b_0,504,계정퀘스트 임시 4,50400 ,,,,,,,,,,,,
b_0,1001,영웅 퀘스트 1,"100200, 100300, 100400,100500,100600,100700,100800,100900, 101000, 101100, 101200, 110001, 120001",,,,,,,,,,,,
b_0,1002,영웅 퀘스트 2,"110002,120002",,,,,,,,,,,,
b_0,1003,영웅 퀘스트 3,"110003,120003",,,,,,,,,,,,
b_0,1004,영웅 퀘스트 4,"110004,120004",,,,,,,,,,,,
b_0,1005,영웅 퀘스트 5,"110005,120005",,,,,,,,,,,,
b_0,1006,영웅 퀘스트 6,"110006,120006",,,,,,,,,,,,
b_0,1007,영웅 퀘스트 7,"110007,120007",,,,,,,,,,,,
b_0,1008,영웅 퀘스트 8,"110008,120008",,,,,,,,,,,,
b_0,1009,영웅 퀘스트 9,"110009,120009",,,,,,,,,,,,
b_0,1010,영웅 퀘스트 10,"110010,120010",,,,,,,,,,,,
b_0,1011,영웅 퀘스트 11,"110011,120011",,,,,,,,,,,,
b_0,1012,영웅 퀘스트 12,"110012,120012",,,,,,,,,,,,
b_0,1013,영웅 퀘스트 13,"110013,120013",,,,,,,,,,,,
b_0,1014,영웅 퀘스트 14,"110014,120014",,,,,,,,,,,,
b_0,1015,영웅 퀘스트 15,"110015,120015",,,,,,,,,,,,
b_0,1016,영웅 퀘스트 16,"110016,120016",,,,,,,,,,,,
b_0,1017,영웅 퀘스트 17,"110017,120017",,,,,,,,,,,,
b_0,1018,영웅 퀘스트 18,"110018,120018",,,,,,,,,,,,
b_0,1019,영웅 퀘스트 19,"110019,120019",,,,,,,,,,,,
b_0,1020,영웅 퀘스트 20,"110020,120020",,,,,,,,,,,,
b_0,1021,영웅 퀘스트 21,"110021,120021",,,,,,,,,,,,
b_0,1022,영웅 퀘스트 22,"110022,120022",,,,,,,,,,,,
b_0,1023,영웅 퀘스트 23,"110023,120023",,,,,,,,,,,,
b_0,1024,영웅 퀘스트 24,"110024,120024",,,,,,,,,,,,
b_0,1025,영웅 퀘스트 25,"110025,120025",,,,,,,,,,,,
b_0,1026,영웅 퀘스트 26,"110026,120026",,,,,,,,,,,,
b_0,1027,영웅 퀘스트 27,"110027,120027",,,,,,,,,,,,
b_0,1028,영웅 퀘스트 28,"110028,120028",,,,,,,,,,,,
b_0,1029,영웅 퀘스트 29,"110029,120029",,,,,,,,,,,,
b_0,1030,영웅 퀘스트 30,"110030,120030",,,,,,,,,,,,
b_0,1031,영웅 퀘스트 31,"110031,120031",,,,,,,,,,,,
b_0,1032,영웅 퀘스트 32,"110032,120032",,,,,,,,,,,,
b_0,1033,영웅 퀘스트 33,"110033,120033",,,,,,,,,,,,
b_0,1034,영웅 퀘스트 34,"110034,120034",,,,,,,,,,,,
b_0,1035,영웅 퀘스트 35,"110035,120035",,,,,,,,,,,,
b_0,1036,영웅 퀘스트 36,"110036,120036",,,,,,,,,,,,
b_0,1037,영웅 퀘스트 37,"110037,120037",,,,,,,,,,,,
b_0,1038,영웅 퀘스트 38,"110038,120038",,,,,,,,,,,,
b_0,1039,영웅 퀘스트 39,"110039,120039",,,,,,,,,,,,
b_0,1040,영웅 퀘스트 40,"110040,120040",,,,,,,,,,,,
b_0,1041,영웅 퀘스트 41,"110041,120041",,,,,,,,,,,,
b_0,1042,영웅 퀘스트 42,"110042,120042",,,,,,,,,,,,
b_0,1043,영웅 퀘스트 43,"110043,120043",,,,,,,,,,,,
b_0,1044,영웅 퀘스트 44,"110044,120044",,,,,,,,,,,,
b_0,1045,영웅 퀘스트 45,"110045,120045",,,,,,,,,,,,
b_0,1046,영웅 퀘스트 46,"110046,120046",,,,,,,,,,,,
b_0,1047,영웅 퀘스트 47,"110047,120047",,,,,,,,,,,,
b_0,1048,영웅 퀘스트 48,"110048,120048",,,,,,,,,,,,
b_0,1049,영웅 퀘스트 49,"110049,120049",,,,,,,,,,,,
b_0,1050,영웅 퀘스트 50,"110050,120050",,,,,,,,,,,,
b_0,2001,필드 몬스터 레벨1,"200001, 201001","210100, 230100, 240100",,,,,,,,,,,
b_0,2002,필드 몬스터 레벨2,"200002, 201002","210100, 230100, 240100",,,,,,,,,,,
b_0,2003,필드 몬스터 레벨3,"200003, 201003","210100, 230100, 240100",,,,,,,,,,,
b_0,2004,필드 몬스터 레벨4,"200004, 201004","210100, 230100, 240100",,,,,,,,,,,
b_0,2005,필드 몬스터 레벨5,"200005, 201005","210100, 230100, 240100",,,,,,,,,,,
b_0,2006,필드 몬스터 레벨6,"200006, 201006","210100, 230100, 240100",,,,,,,,,,,
b_0,2007,필드 몬스터 레벨7,"200007, 201007","210100, 230100, 240100",,,,,,,,,,,
b_0,2008,필드 몬스터 레벨8,"200008, 201008","210100, 230100, 240100",,,,,,,,,,,
b_0,2009,필드 몬스터 레벨9,"200009, 201009","210100, 230100, 240100",,,,,,,,,,,
b_0,2010,필드 몬스터 레벨10,"200010, 201010","210100, 230100, 240100",,,,,,,,,,,
b_0,2011,필드 몬스터 레벨11,"200011, 201011","210100, 230100, 240100",,,,,,,,,,,
b_0,2012,필드 몬스터 레벨12,"200012, 201012","210100, 230100, 240100",,,,,,,,,,,
b_0,2013,필드 몬스터 레벨13,"200013, 201013","210100, 230100, 240100",,,,,,,,,,,
b_0,2014,필드 몬스터 레벨14,"200014, 201014","210100, 230100, 240100",,,,,,,,,,,
b_0,2015,필드 몬스터 레벨15,"200015, 201015","210100, 230100, 240100",,,,,,,,,,,
b_0,2016,필드 몬스터 레벨16,"200016, 201016","210100, 230100, 240100",,,,,,,,,,,
b_0,2017,필드 몬스터 레벨17,"200017, 201017","210100, 230100, 240100",,,,,,,,,,,
b_0,2018,필드 몬스터 레벨18,"200018, 201018","210100, 230100, 240100",,,,,,,,,,,
b_0,2019,필드 몬스터 레벨19,"200019, 201019","210100, 230100, 240100",,,,,,,,,,,
b_0,2020,필드 몬스터 레벨20,"200020, 201020","210100, 230100, 240100",,,,,,,,,,,
b_0,2021,필드 몬스터 레벨21,"200021, 201021","210100, 230400, 240100",,,,,,,,,,,
b_0,2022,필드 몬스터 레벨22,"200022, 201022","210100, 230400, 240100",,,,,,,,,,,
b_0,2023,필드 몬스터 레벨23,"200023, 201023","210100, 230400, 240100",,,,,,,,,,,
b_0,2024,필드 몬스터 레벨24,"200024, 201024","210100, 230400, 240100",,,,,,,,,,,
b_0,2025,필드 몬스터 레벨25,"200025, 201025","210100, 230400, 240100",,,,,,,,,,,
b_0,2026,필드 몬스터 레벨26,"200026, 201026","210100, 230400, 240100",,,,,,,,,,,
b_0,2027,필드 몬스터 레벨27,"200027, 201027","210100, 230400, 240100",,,,,,,,,,,
b_0,2028,필드 몬스터 레벨28,"200028, 201028","210100, 230400, 240100",,,,,,,,,,,
b_0,2029,필드 몬스터 레벨29,"200029, 201029","210100, 230400, 240100",,,,,,,,,,,
b_0,2030,필드 몬스터 레벨30,"200030, 201030","210100, 230400, 240100",,,,,,,,,,,
b_0,2031,필드 몬스터 레벨31,"200031, 201031","210200, 230400, 240100",,,,,,,,,,,
b_0,2032,필드 몬스터 레벨32,"200032, 201032","210200, 230400, 240100",,,,,,,,,,,
b_0,2033,필드 몬스터 레벨33,"200033, 201033","210200, 230400, 240100",,,,,,,,,,,
b_0,2034,필드 몬스터 레벨34,"200034, 201034","210200, 230400, 240100",,,,,,,,,,,
b_0,2035,필드 몬스터 레벨35,"200035, 201035","210200, 230400, 240100",,,,,,,,,,,
b_0,2036,필드 몬스터 레벨36,"200036, 201036","210200, 230400, 240100",,,,,,,,,,,
b_0,2037,필드 몬스터 레벨37,"200037, 201037","210200, 230400, 240100",,,,,,,,,,,
b_0,2038,필드 몬스터 레벨38,"200038, 201038","210200, 230400, 240100",,,,,,,,,,,
b_0,2039,필드 몬스터 레벨39,"200039, 201039","210200, 230400, 240100",,,,,,,,,,,
b_0,2040,필드 몬스터 레벨40,"200040, 201040","210200, 230400, 240100",,,,,,,,,,,
b_0,2041,필드 몬스터 레벨41,"200041, 201041","210300, 230600, 240100",,,,,,,,,,,
b_0,2042,필드 몬스터 레벨42,"200042, 201042","210300, 230600, 240100",,,,,,,,,,,
b_0,2043,필드 몬스터 레벨43,"200043, 201043","210300, 230600, 240100",,,,,,,,,,,
b_0,2044,필드 몬스터 레벨44,"200044, 201044","210300, 230600, 240100",,,,,,,,,,,
b_0,2045,필드 몬스터 레벨45,"200045, 201045","210300, 230600, 240100",,,,,,,,,,,
b_0,2046,필드 몬스터 레벨46,"200046, 201046","210300, 230600, 240100",,,,,,,,,,,
b_0,2047,필드 몬스터 레벨47,"200047, 201047","210300, 230600, 240100",,,,,,,,,,,
b_0,2048,필드 몬스터 레벨48,"200048, 201048","210300, 230600, 240100",,,,,,,,,,,
b_0,2049,필드 몬스터 레벨49,"200049, 201049","210300, 230600, 240100",,,,,,,,,,,
b_0,2050,필드 몬스터 레벨50,"200050, 201050","210300, 230600, 240100",,,,,,,,,,,
b_0,2051,필드 몬스터 레벨51,"200051, 201051","210300, 230600, 240100",,,,,,,,,,,
b_0,2052,필드 몬스터 레벨52,"200052, 201052","210300, 230600, 240100",,,,,,,,,,,
b_0,2053,필드 몬스터 레벨53,"200053, 201053","210300, 230600, 240100",,,,,,,,,,,
b_0,2054,필드 몬스터 레벨54,"200054, 201054","210300, 230600, 240100",,,,,,,,,,,
b_0,2055,필드 몬스터 레벨55,"200055, 201055","210300, 230600, 240100",,,,,,,,,,,
b_0,2056,필드 몬스터 레벨56,"200056, 201056","210300, 230600, 240100",,,,,,,,,,,
b_0,2057,필드 몬스터 레벨57,"200057, 201057","210300, 230600, 240100",,,,,,,,,,,
b_0,2058,필드 몬스터 레벨58,"200058, 201058","210300, 230600, 240100",,,,,,,,,,,
b_0,2059,필드 몬스터 레벨59,"200059, 201059","210300, 230600, 240100",,,,,,,,,,,
b_0,2060,필드 몬스터 레벨60,"200060, 201060","210300, 230600, 240100",,,,,,,,,,,
b_0,2061,필드 몬스터 레벨61,"200061, 201061","210300, 230600, 240100",,,,,,,,,,,
b_0,2062,필드 몬스터 레벨62,"200062, 201062","210300, 230600, 240100",,,,,,,,,,,
b_0,2063,필드 몬스터 레벨63,"200063, 201063","210300, 230600, 240100",,,,,,,,,,,
b_0,2064,필드 몬스터 레벨64,"200064, 201064","210300, 230600, 240100",,,,,,,,,,,
b_0,2065,필드 몬스터 레벨65,"200065, 201065","210300, 230600, 240100",,,,,,,,,,,
b_0,2066,필드 몬스터 레벨66,"200066, 201066","210300, 230600, 240100",,,,,,,,,,,
b_0,2067,필드 몬스터 레벨67,"200067, 201067","210300, 230600, 240100",,,,,,,,,,,
b_0,2068,필드 몬스터 레벨68,"200068, 201068","210300, 230600, 240100",,,,,,,,,,,
b_0,2069,필드 몬스터 레벨69,"200069, 201069","210300, 230600, 240100",,,,,,,,,,,
b_0,2070,필드 몬스터 레벨70,"200070, 201070","210300, 230600, 240100",,,,,,,,,,,
b_0,3010,지하던전 몬스터 - 1층,"202010, 202011, 202012",,,,,,,,,,,,
b_0,3020,지하던전 몬스터 - 2층,"202020, 202021, 202022",,,,,,,,,,,,
b_0,3030,지하던전 몬스터 - 3층,"202030, 202031, 202032",,,,,,,,,,,,
b_0,3040,지하던전 몬스터 - 4층,"202040, 202041, 202042",,,,,,,,,,,,
b_0,3050,지하던전 몬스터 - 5층,"202050, 202051, 202052",,,,,,,,,,,,
b_0,3055,지하던전 몬스터 - 5층 (보스),"202055, 202056, 202057, 202058",,,,,,,,,,,,
b_0,13001,계정퀘스트 보물상자 보상 1,50100 ,,,,,,,,,,,,
b_0,13002,계정퀘스트 보물상자 보상 2,50200 ,,,,,,,,,,,,
b_0,13003,계정퀘스트 보물상자 보상 3,"50300, 50400",,,,,,,,,,,,
b_0,13004,계정퀘스트 보물상자 보상 4,50300 ,,,,,,,,,,,,
b_0,13005,계정퀘스트 보물상자 보상 5,50400 ,,,,,,,,,,,,
b_0,13006,계정퀘스트 보물상자 보상 6,50300 ,,,,,,,,,,,,
b_0,13007,계정퀘스트 보물상자 보상 7,50400 ,,,,,,,,,,,,
b_0,13008,계정퀘스트 보물상자 보상 8,50300 ,,,,,,,,,,,,
b_0,13009,계정퀘스트 보물상자 보상 9,50400 ,,,,,,,,,,,,
b_0,13010,계정퀘스트 보물상자 보상 10,"50300, 50400",,,,,,,,,,,,
b_0,13011,계정퀘스트 보상,200001 ,,,,,,,,,,,,
b_0,13012,계정퀘스트 보상,200001 ,,,,,,,,,,,,
b_0,13013,계정퀘스트 보상,200001 ,,,,,,,,,,,,
b_0,13014,계정퀘스트 보상,200001 ,,,,,,,,,,,,
b_0,13015,계정퀘스트 보상,200001 ,,,,,,,,,,,,
b_0,13016,계정퀘스트 보상,200001 ,,,,,,,,,,,,
b_0,13017,계정퀘스트 보상,200001 ,,,,,,,,,,,,
b_0,13018,계정퀘스트 보상,200001 ,,,,,,,,,,,,
b_0,13019,계정퀘스트 보상,200001 ,,,,,,,,,,,,
b_0,13020,계정퀘스트 보상,200001 ,,,,,,,,,,,,
b_0,13021,계정퀘스트 보상,200001 ,,,,,,,,,,,,
b_0,13022,계정퀘스트 보상,200001 ,,,,,,,,,,,,
b_0,13023,계정퀘스트 보상,200001 ,,,,,,,,,,,,
b_0,13024,계정퀘스트 보상,200001 ,,,,,,,,,,,,
b_0,13025,계정퀘스트 보상,200001 ,,,,,,,,,,,,
b_0,13026,계정퀘스트 보상,200001 ,,,,,,,,,,,,
b_0,13027,계정퀘스트 보상,200001 ,,,,,,,,,,,,
b_0,13028,계정퀘스트 보상,200001 ,,,,,,,,,,,,
b_0,13029,계정퀘스트 보상,200001 ,,,,,,,,,,,,
b_0,13030,계정퀘스트 보상,200001 ,,,,,,,,,,,,
b_0,13031,계정퀘스트 보상,200001 ,,,,,,,,,,,,
b_0,13032,계정퀘스트 보상,200001 ,,,,,,,,,,,,
b_0,13033,계정퀘스트 보상,200001 ,,,,,,,,,,,,
b_0,13034,계정퀘스트 보상,200001 ,,,,,,,,,,,,
b_0,13035,계정퀘스트 보상,200001 ,,,,,,,,,,,,
b_0,13036,계정퀘스트 보상,200001 ,,,,,,,,,,,,
b_0,13037,계정퀘스트 보상,200001 ,,,,,,,,,,,,
b_0,13038,계정퀘스트 보상,200001 ,,,,,,,,,,,,
b_0,13039,계정퀘스트 보상,200001 ,,,,,,,,,,,,
b_0,13040,계정퀘스트 보상,200001 ,,,,,,,,,,,,
b_0,13041,계정퀘스트 보상,200001 ,,,,,,,,,,,,
b_0,13042,계정퀘스트 보상,200001 ,,,,,,,,,,,,
b_0,13043,계정퀘스트 보상,200001 ,,,,,,,,,,,,
b_0,13044,계정퀘스트 보상,200001 ,,,,,,,,,,,,
b_0,13045,계정퀘스트 보상,200001 ,,,,,,,,,,,,
b_0,13046,계정퀘스트 보상,200001 ,,,,,,,,,,,,
b_0,13047,계정퀘스트 보상,200001 ,,,,,,,,,,,,
b_0,13048,계정퀘스트 보상,200001 ,,,,,,,,,,,,
n,30034,[필보] 멧돼지,"3003400, 3003401, 3003402, 3003403, 3003404, 3003405, 3003406, 3003407",,,,,,,,,,,,
n,30035,[필보] 레쉬,"3003500, 3003501, 3003502, 3003503, 3003504, 3003505, 3003506, 3003507",,,,,,,,,,,,
n,30038,[필보] 설인 두목,"3003800, 3003801, 3003802, 3003803, 3003804, 3003805, 3003806, 3003807",,,,,,,,,,,,
n,30039,지하던전 1층 식물,"3003900, 3003901, 3003902, 3003903, 3003904, 3003905, 3003906",,,,,,,,,,,,
n,30040,지하던전 1층 글룸,"3004000, 3004001, 3004002, 3004003, 3004004, 3004005, 3004006",,,,,,,,,,,,
n,30041,지하던전 2층 응시하는 눈,"3004100, 3004101, 3004102, 3004103, 3004104, 3004105, 3004106",,,,,,,,,,,,
n,30042,지하던전 2층 사악한 마법사,"3004200, 3004201, 3004202, 3004203, 3004204, 3004205, 3004206",,,,,,,,,,,,
n,30043,지하던전 3층 도마뱀 전사,"3004300, 3004301, 3004302, 3004303, 3004304, 3004305, 3004306",,,,,,,,,,,,
n,30044,지하던전 3층 늑대 전사,"3004400, 3004401, 3004402, 3004403, 3004404, 3004405, 3004406",,,,,,,,,,,,
n,30045,지하던전 4층 팬텀,"3004500, 3004501, 3004502, 3004503, 3004504, 3004505, 3004506, 3004507",,,,,,,,,,,,
n,30046,지하던전 5층 팬텀,"3004601, 3004602, 3004603, 3004604, 3004605, 3004606",,,,,,,,,,,,
n,30047,[Boss] 지하던전 5층 보스,"3004700, 3004701, 3004702, 3004703, 3004704, 3004705, 3004706, 3004707, 3004708, 3004709, 3004710, 3004711, 3004712",,,,,,,,,,,,
n,30048,멀티 위키드라임 루팅,"3004800, 3004801, 3004802, 3004803, 3004804, 3004805, 3004806, 3004807, 3004808, 3004809, 3004810, 3004811, 3004812",,,,,,,,,,,,
n,30049,멀티 호드 루팅,"3004900, 3004901, 3004902, 3004903, 3004904, 3004905, 3004906, 3004907, 3004908, 3004909, 3004910, 3004911, 3004912",,,,,,,,,,,,
n,30050,멀티 네르갈 루팅,"3005000, 3005001, 3005002, 3005003, 3005004, 3005005, 3005006, 3005007, 3005008, 3005009, 3005010, 3005011, 3005012",,,,,,,,,,,,
n,30051,멀티 카발라 루팅,"3005100, 3005101, 3005102, 3005103, 3005104, 3005105, 3005106, 3005107, 3005108, 3005109, 3005110, 3005111, 3005112",,,,,,,,,,,,
n,30052,멀티 아케론 루팅,"3005200, 3005201, 3005202, 3005203, 3005204, 3005205, 3005206, 3005207, 3005208, 3005209, 3005210, 3005211, 3005212",,,,,,,,,,,,
n,36000,일반 전용 화원 상자 1,"3600001, 3600002, 3600003, 3600004, 3600005",,"3600050, 3600051, 3600052, 3600053, 3600054",,,,,,,,,,
n,36001,일반 전용 화원 상자 2,"3600001, 3600002, 3600003, 3600004, 3600005, 3600006",,"3600050, 3600051, 3600052, 3600053, 3600054",,,,,,,,,,
n,36002,일반 전용 화원 상자 3,"3600000, 3600001, 3600002, 3600003, 3600004, 3600005, 3600006, 3600007",,"3600050, 3600051, 3600052, 3600053, 3600054",,,,,,,,,,
n,36003,일반 전용 화원 상자 4,"3600000, 3600001, 3600002, 3600003, 3600004, 3600005, 3600006, 3600007, 3600008",,"3600050, 3600051, 3600052, 3600053, 3600054",,,,,,,,,,
n,36004,일반 전용 정령 상자 1,"3600001, 3600002, 3600003, 3600004, 3600005",,"3600050, 3600051, 3600052, 3600053, 3600054",,,,,,,,,,
n,36005,일반 전용 정령 상자 2,"3600001, 3600002, 3600003, 3600004, 3600005, 3600006",,"3600050, 3600051, 3600052, 3600053, 3600054",,,,,,,,,,
n,36006,일반 전용 정령 상자 3,"3600000, 3600001, 3600002, 3600003, 3600004, 3600005, 3600006, 3600007",,"3600050, 3600051, 3600052, 3600053, 3600054",,,,,,,,,,
n,36007,일반 전용 정령 상자 4,"3600000, 3600001, 3600002, 3600003, 3600004, 3600005, 3600006, 3600007, 3600008",,"3600050, 3600051, 3600052, 3600053, 3600054",,,,,,,,,,
n,36008,일반 전용 지하 상자 1,"3600001, 3600002, 3600003, 3600004, 3600005",,"3600050, 3600051, 3600052, 3600053, 3600054",,,,,,,,,,
n,36009,일반 전용 지하 상자 2,"3600001, 3600002, 3600003, 3600004, 3600005, 3600006",,"3600050, 3600051, 3600052, 3600053, 3600054",,,,,,,,,,
n,36010,일반 전용 지하 상자 3,"3600000, 3600001, 3600002, 3600003, 3600004, 3600005, 3600006, 3600007",,"3600050, 3600051, 3600052, 3600053, 3600054",,,,,,,,,,
n,36011,일반 전용 지하 상자 4,"3600000, 3600001, 3600002, 3600003, 3600004, 3600005, 3600006, 3600007, 3600008",,"3600050, 3600051, 3600052, 3600053, 3600054",,,,,,,,,,
n,36012,일반 숲길 상자,"3600000, 3600001, 3600002, 3600003, 3600004, 3600005, 3600006, 3600007",,"3600050, 3600051, 3600052, 3600053, 3600054",,,,,,,,,,
n,36013,고급 숲길 상자 1,"3600100, 3600101, 3600102, 3600103, 3600104, 3600105",,"3600150, 3600151, 3600152, 3600153, 3600154",,,,,,,,,,
n,36014,고급 숲길 상자 2,"3600200, 3600201, 3600202, 3600203, 3600204, 3600205",,"3600250, 3600251, 3600252, 3600253, 3600254",,,,,,,,,,
n,36015,희귀 숲길 상자 1,"3600300, 3600301, 3600302, 3600303, 3600304, 3600305",,"3600350, 3600351, 3600352, 3600353, 3600354",,,,,,,,,,
n,36016,희귀 숲길 상자 2,"3600300, 3600301, 3600302, 3600303, 3600304, 3600305, 3600306",,"3600350, 3600351, 3600352, 3600353, 3600354",,,,,,,,,,
n,36017,희귀 숲길 상자 3,"3600400, 3600401, 3600402, 3600403, 3600404, 3600405, 3600406",,"3600350, 3600351, 3600352, 3600353, 3600354",,,,,,,,,,
n,36018,영웅 숲길 상자 1,"3600500, 3600501, 3600502, 3600503, 3600504, 3600505, 3600506",,"3600650, 3600651, 3600652, 3600653, 3600654",,,,,,,,,,
n,36019,영웅 숲길 상자 2,"3600600, 3600601, 3600602, 3600603, 3600604, 3600605, 3600606",,"3600650, 3600651, 3600652, 3600653, 3600654",,,,,,,,,,
n,36020,전설 숲길 상자 1,"3600700, 3600701, 3600702, 3600703, 3600704, 3600705, 3600706, 3600707",,"3600750, 3600751, 3600752, 3600753, 3600754",,,,,,,,,,
n,36021,전설 숲길 상자 2,"3600700, 3600701, 3600702, 3600703, 3600704, 3600705, 3600706, 3600707, 3600708",,"3600750, 3600751, 3600752, 3600753, 3600754",,,,,,,,,,
n,36022,전설 숲길 상자 3,"3600700, 3600701, 3600702, 3600703, 3600704, 3600705, 3600706, 3600707, 3600708",,"3600750, 3600751, 3600752, 3600753, 3600754",,,,,,,,,,
n,36023,일반 지하 상자,"3600000, 3600001, 3600002, 3600003, 3600004, 3600005, 3600006, 3600007",,"3600050, 3600051, 3600052, 3600053, 3600054",,,,,,,,,,
n,36024,고급 지하 상자 1,"3600100, 3600101, 3600102, 3600103, 3600104, 3600105, 3600106, 3600107, 3600108",,"3600150, 3600151, 3600152, 3600153, 3600154",,,,,,,,,,
n,36025,고급 지하 상자 2,"3600200, 3600201, 3600202, 3600203, 3600204, 3600205, 3600206, 3600207, 3600208",,"3600250, 3600251, 3600252, 3600253, 3600254",,,,,,,,,,
n,36026,희귀 지하 상자 1,"3600300, 3600301, 3600302, 3600303, 3600304, 3600305",,"3600350, 3600351, 3600352, 3600353, 3600354",,,,,,,,,,
n,36027,희귀 지하 상자 2,"3600300, 3600301, 3600302, 3600303, 3600304, 3600305, 3600306",,"3600350, 3600351, 3600352, 3600353, 3600354",,,,,,,,,,
n,36028,희귀 지하 상자 3,"3600400, 3600401, 3600402, 3600403, 3600404, 3600405, 3600406",,"3600350, 3600351, 3600352, 3600353, 3600354",,,,,,,,,,
n,36029,영웅 지하 상자 1,"3600500, 3600501, 3600502, 3600503, 3600504, 3600505, 3600506",,"3600650, 3600651, 3600652, 3600653, 3600654",,,,,,,,,,
n,36030,영웅 지하 상자 2,"3600500, 3600501, 3600502, 3600503, 3600504, 3600505, 3600506, 3600509",,"3600650, 3600651, 3600652, 3600653, 3600654",,,,,,,,,,
n,36031,영웅 지하 상자 3,"3600600, 3600601, 3600602, 3600603, 3600604, 3600605, 3600606",,"3600650, 3600651, 3600652, 3600653, 3600654",,,,,,,,,,
n,36032,전설 지하 상자 1,"3600700, 3600701, 3600702, 3600703, 3600704, 3600705, 3600706, 3600707",,"3600750, 3600751, 3600752, 3600753, 3600754",,,,,,,,,,
n,36033,전설 지하 상자 2,"3600700, 3600701, 3600702, 3600703, 3600704, 3600705, 3600706, 3600707, 3600708",,"3600750, 3600751, 3600752, 3600753, 3600754",,,,,,,,,,
n,36034,전설 지하 상자 3,"3600700, 3600701, 3600702, 3600703, 3600704, 3600705, 3600706, 3600707, 3600708",,"3600750, 3600751, 3600752, 3600753, 3600754",,,,,,,,,,
n,36035,일반 숲길2 상자,"3600000, 3600001, 3600002, 3600003, 3600004, 3600005, 3600006, 3600007, 3600008",,"3600050, 3600051, 3600052, 3600053, 3600054",,,,,,,,,,
n,36036,고급 숲길2 상자 1,"3600100, 3600101, 3600102, 3600103, 3600104, 3600105, 3600106",,"3600150, 3600151, 3600152, 3600153, 3600154",,,,,,,,,,
n,36037,고급 숲길2 상자 2,"3600200, 3600201, 3600202, 3600203, 3600204, 3600205, 3600206",,"3600250, 3600251, 3600252, 3600253, 3600254",,,,,,,,,,
n,36038,희귀 숲길2 상자 1,"3600300, 3600301, 3600302, 3600303, 3600304, 3600305, 3600306",,"3600350, 3600351, 3600352, 3600353, 3600354",,,,,,,,,,
n,36039,희귀 숲길2 상자 2,"3600400, 3600401, 3600402, 3600403, 3600404, 3600405, 3600406, 3600407",,"3600350, 3600351, 3600352, 3600353, 3600354",,,,,,,,,,
n,36040,영웅 숲길2 상자 1,"3600500, 3600501, 3600502, 3600503, 3600504, 3600505, 3600506",,"3600550, 3600551, 3600552, 3600553, 3600554",,,,,,,,,,
n,36041,영웅 숲길2 상자 2,"3600500, 3600501, 3600502, 3600503, 3600504, 3600505, 3600506, 3600507, 3600509",,"3600650, 3600651, 3600652, 3600653, 3600654",,,,,,,,,,
n,36042,영웅 숲길2 상자 3,"3600600, 3600601, 3600602, 3600603, 3600604, 3600605, 3600606",,"3600650, 3600651, 3600652, 3600653, 3600654",,,,,,,,,,
n,36043,전설 숲길2 상자 1,"3600700, 3600701, 3600702, 3600703, 3600704, 3600705, 3600706, 3600707",,"3600186, 3600187, 3600188, 3600189, 3600190",,,,,,,,,,
n,36044,전설 숲길2 상자 2,"3600700, 3600701, 3600702, 3600703, 3600704, 3600705, 3600706, 3600707, 3600708",,"3600186, 3600187, 3600188, 3600189, 3600190",,,,,,,,,,
n,36045,일반 수정 상자,"3600000, 3600001, 3600002, 3600003, 3600004, 3600005, 3600006, 3600007, 3600008",,"3600050, 3600051, 3600052, 3600053, 3600054",,,,,,,,,,
n,36046,고급 수정 상자 1,"3600100, 3600101, 3600102, 3600103, 3600104, 3600105, 3600106, 3600107",,"3600150, 3600151, 3600152, 3600153, 3600154",,,,,,,,,,
n,36047,고급 수정 상자 2,"3600200, 3600201, 3600202, 3600203, 3600204, 3600205, 3600206, 3600207",,"3600250, 3600251, 3600252, 3600253, 3600254",,,,,,,,,,
n,36048,희귀 수정 상자 1,"3600300, 3600301, 3600302, 3600303, 3600304, 3600305, 3600306",,"3600350, 3600351, 3600352, 3600353, 3600354",,,,,,,,,,
n,36049,희귀 수정 상자 2,"3600400, 3600401, 3600402, 3600403, 3600404, 3600405, 3600406, 3600407",,"3600350, 3600351, 3600352, 3600353, 3600354",,,,,,,,,,
n,36050,영웅 수정 상자 1,"3600500, 3600501, 3600502, 3600503, 3600504, 3600505, 3600506, 3600507",,"3600650, 3600651, 3600652, 3600653, 3600654",,,,,,,,,,
n,36051,영웅 수정 상자 2,"3600500, 3600501, 3600502, 3600503, 3600504, 3600505, 3600506, 3600507, 3600509",,"3600650, 3600651, 3600652, 3600653, 3600654",,,,,,,,,,
n,36052,영웅 수정 상자 3,"3600600, 3600601, 3600602, 3600603, 3600604, 3600605, 3600606, 3600607",,"3600650, 3600651, 3600652, 3600653, 3600654",,,,,,,,,,
n,36053,전설 수정 상자 1,"3600700, 3600701, 3600702, 3600703, 3600704, 3600705, 3600706, 3600709",,"3600186, 3600187, 3600188, 3600189, 3600190",,,,,,,,,,
n,36054,전설 수정 상자 2,"3600700, 3600701, 3600702, 3600703, 3600704, 3600705, 3600706, 3600707, 3600708",,"3600186, 3600187, 3600188, 3600189, 3600190",,,,,,,,,,
n,36055,전설 수정 상자 3,"3600176, 3600177, 3600178, 3600179, 3600180, 3600181, 3600182, 3600183, 3600184",,"3600186, 3600187, 3600188, 3600189, 3600190",,,,,,,,,,
n,36056,일반 화산 상자,"3600000, 3600001, 3600002, 3600003, 3600004, 3600005, 3600006, 3600007, 3600008",,"3600050, 3600051, 3600052, 3600053, 3600054",,,,,,,,,,
n,36057,고급 화산 상자 1,"3600100, 3600101, 3600102, 3600103, 3600104, 3600105, 3600106, 3600107, 3600108",,"3600150, 3600151, 3600152, 3600153, 3600154",,,,,,,,,,
n,36058,고급 화산 상자 2,"3600200, 3600201, 3600202, 3600203, 3600204, 3600205, 3600206, 3600207, 3600208",,"3600250, 3600251, 3600252, 3600253, 3600254",,,,,,,,,,
n,36059,희귀 화산 상자 1,"3600300, 3600301, 3600302, 3600303, 3600304, 3600305, 3600306, 3600307",,"3600350, 3600351, 3600352, 3600353, 3600354",,,,,,,,,,
n,36060,희귀 화산 상자 2,"3600400, 3600401, 3600402, 3600403, 3600404, 3600405, 3600406, 3600407, 3600408",,"3600350, 3600351, 3600352, 3600353, 3600354",,,,,,,,,,
n,36061,영웅 화산 상자 1,"3600500, 3600501, 3600502, 3600503, 3600504, 3600505, 3600506, 3600507, 3600508",,"3600550, 3600551, 3600552, 3600553, 3600554",,,,,,,,,,
n,36062,영웅 화산 상자 2,"3600500, 3600501, 3600502, 3600503, 3600504, 3600505, 3600506, 3600507, 3600508, 3600509",,"3600550, 3600551, 3600552, 3600553, 3600554",,,,,,,,,,
n,36063,영웅 화산 상자 3,"3600600, 3600601, 3600602, 3600603, 3600604, 3600605, 3600606, 3600607, 3600608, 3600609",,"3600650, 3600651, 3600652, 3600653, 3600654",,,,,,,,,,
n,36064,전설 화산 상자 1,"3600700, 3600701, 3600702, 3600703, 3600704, 3600705, 3600706, 3600709",,"3600186, 3600187, 3600188, 3600189, 3600190",,,,,,,,,,
n,36065,전설 화산 상자 2,"3600700, 3600701, 3600702, 3600703, 3600704, 3600705, 3600706, 3600707, 3600708, 3600709",,"3600186, 3600187, 3600188, 3600189, 3600190",,,,,,,,,,
n,36066,전설 화산 상자 3,"3600176, 3600177, 3600178, 3600179, 3600180, 3600181, 3600182, 3600183, 3600184, 3600185",,"3600186, 3600187, 3600188, 3600189, 3600190",,,,,,,,,,
n,36067,일반 지하2 상자,"3600000, 3600001, 3600002, 3600003, 3600004, 3600005, 3600006, 3600007, 3600008",,"3600050, 3600051, 3600052, 3600053, 3600054",,,,,,,,,,
n,36068,고급 지하2 상자 1,"3600100, 3600101, 3600102, 3600103, 3600104, 3600105, 3600106, 3600107, 3600108",,"3600150, 3600151, 3600152, 3600153, 3600154",,,,,,,,,,
n,36069,고급 지하2 상자 2,"3600200, 3600201, 3600202, 3600203, 3600204, 3600205, 3600206, 3600207, 3600208",,"3600250, 3600251, 3600252, 3600253, 3600254",,,,,,,,,,
n,36070,고급 지하2 상자 3,"3600200, 3600201, 3600202, 3600203, 3600204, 3600205, 3600206, 3600207, 3600208",,"3600250, 3600251, 3600252, 3600253, 3600254",,,,,,,,,,
n,36071,희귀 지하2 상자 1,"3600300, 3600301, 3600302, 3600303, 3600304, 3600305, 3600306, 3600307, 3600308",,"3600350, 3600351, 3600352, 3600353, 3600354",,,,,,,,,,
n,36072,희귀 지하2 상자 2,"3600400, 3600401, 3600402, 3600403, 3600404, 3600405, 3600406, 3600407, 3600408",,"3600350, 3600351, 3600352, 3600353, 3600354",,,,,,,,,,
n,36073,영웅 지하2 상자 1,"3600500, 3600501, 3600502, 3600503, 3600504, 3600505, 3600506, 3600507, 3600508, 3600509",,"3600650, 3600651, 3600652, 3600653, 3600654",,,,,,,,,,
n,36074,영웅 지하2 상자 2,"3600500, 3600501, 3600502, 3600503, 3600504, 3600505, 3600506, 3600507, 3600508, 3600509",,"3600650, 3600651, 3600652, 3600653, 3600654",,,,,,,,,,
n,36075,영웅 지하2 상자 3,"3600600, 3600601, 3600602, 3600603, 3600604, 3600605, 3600606, 3600607, 3600608, 3600609",,"3600650, 3600651, 3600652, 3600653, 3600654",,,,,,,,,,
n,36076,전설 지하2 상자 1,"3600700, 3600701, 3600702, 3600703, 3600704, 3600705, 3600706, 3600707, 3600708, 3600709",,"3600186, 3600187, 3600188, 3600189, 3600190",,,,,,,,,,
n,36077,전설 지하2 상자 2,"3600176, 3600177, 3600178, 3600179, 3600180, 3600181, 3600182, 3600183, 3600184, 3600185",,"3600186, 3600187, 3600188, 3600189, 3600190",,,,,,,,,,
n,36078,전설 지하2 상자 3,"3600176, 3600177, 3600178, 3600179, 3600180, 3600181, 3600182, 3600183, 3600184, 3600185",,"3600186, 3600187, 3600188, 3600189, 3600190",,,,,,,,,,
n,36079,고급 수정2 상자 1,"3600100, 3600101, 3600102, 3600103, 3600104, 3600105, 3600106, 3600107, 3600108",,"3600150, 3600151, 3600152, 3600153, 3600154",,,,,,,,,,
n,36080,고급 수정2 상자 2,"3600200, 3600201, 3600202, 3600203, 3600204, 3600205, 3600206, 3600207, 3600208",,"3600250, 3600251, 3600252, 3600253, 3600254",,,,,,,,,,
n,36081,고급 수정2 상자 3,"3600200, 3600201, 3600202, 3600203, 3600204, 3600205, 3600206, 3600207, 3600208",,"3600250, 3600251, 3600252, 3600253, 3600254",,,,,,,,,,
n,36082,희귀 수정2 상자 1,"3600300, 3600301, 3600302, 3600303, 3600304, 3600305, 3600306, 3600307, 3600308",,"3600350, 3600351, 3600352, 3600353, 3600354",,,,,,,,,,
n,36083,희귀 수정2 상자 2,"3600400, 3600401, 3600402, 3600403, 3600404, 3600405, 3600406, 3600407, 3600408",,"3600350, 3600351, 3600352, 3600353, 3600354",,,,,,,,,,
n,36084,영웅 수정2 상자 1,"3600500, 3600501, 3600502, 3600503, 3600504, 3600505, 3600506, 3600507, 3600508, 3600509",,"3600550, 3600551, 3600552, 3600553, 3600554",,,,,,,,,,
n,36085,영웅 수정2 상자 2,"3600600, 3600601, 3600602, 3600603, 3600604, 3600605, 3600606, 3600607, 3600608, 3600609",,"3600650, 3600651, 3600652, 3600653, 3600654",,,,,,,,,,
n,36086,영웅 수정2 상자 3,"3600600, 3600601, 3600602, 3600603, 3600604, 3600605, 3600606, 3600607, 3600608, 3600609",,"3600650, 3600651, 3600652, 3600653, 3600654",,,,,,,,,,
n,36087,전설 수정2 상자 1,"3600700, 3600701, 3600702, 3600703, 3600704, 3600705, 3600706, 3600707, 3600708, 3600709",,"3600186, 3600187, 3600188, 3600189, 3600190",,,,,,,,,,
n,36088,전설 수정2 상자 2,"3600176, 3600177, 3600178, 3600179, 3600180, 3600181, 3600182, 3600183, 3600184, 3600185",,"3600186, 3600187, 3600188, 3600189, 3600190",,,,,,,,,,
n,36089,전설 수정2 상자 3,"3600176, 3600177, 3600178, 3600179, 3600180, 3600181, 3600182, 3600183, 3600184, 3600185",,"3600186, 3600187, 3600188, 3600189, 3600190",,,,,,,,,,
n,36090,고급 단풍 상자,"3600100, 3600101, 3600102, 3600103, 3600104, 3600105, 3600106, 3600107, 3600108",,"3600150, 3600151, 3600152, 3600153, 3600154",,,,,,,,,,
n,36091,희귀 단풍 상자 1,"3600300, 3600301, 3600302, 3600303, 3600304, 3600305, 3600306, 3600307, 3600308",,"3600350, 3600351, 3600352, 3600353, 3600354",,,,,,,,,,
n,36092,희귀 단풍 상자 2,"3600300, 3600301, 3600302, 3600303, 3600304, 3600305, 3600306, 3600307, 3600308",,"3600350, 3600351, 3600352, 3600353, 3600354",,,,,,,,,,
n,36093,영웅 단풍 상자 1,"3600500, 3600501, 3600502, 3600503, 3600504, 3600505, 3600506, 3600507, 3600508, 3600509",,"3600550, 3600551, 3600552, 3600553, 3600554",,,,,,,,,,
n,36094,영웅 단풍 상자 2,"3600500, 3600501, 3600502, 3600503, 3600504, 3600505, 3600506, 3600507, 3600508, 3600509",,"3600650, 3600651, 3600652, 3600653, 3600654",,,,,,,,,,
n,36095,영웅 단풍 상자 3,"3600600, 3600601, 3600602, 3600603, 3600604, 3600605, 3600606, 3600609",,"3600650, 3600651, 3600652, 3600653, 3600654",,,,,,,,,,
n,36096,영웅 단풍 상자 4,"3600600, 3600601, 3600602, 3600603, 3600604, 3600605, 3600606, 3600607, 3600608, 3600609",,"3600650, 3600651, 3600652, 3600653, 3600654",,,,,,,,,,
n,36097,전설 단풍 상자 1,"3600176, 3600177, 3600178, 3600179, 3600180, 3600181, 3600182, 3600183, 3600184, 3600185",,"3600186, 3600187, 3600188, 3600189, 3600190",,,,,,,,,,
n,36098,전설 단풍 상자 2,"3600176, 3600177, 3600178, 3600179, 3600180, 3600181, 3600182, 3600183, 3600184, 3600185",,"3600186, 3600187, 3600188, 3600189, 3600190",,,,,,,,,,
n,36099,고급 하늘 상자,"3600100, 3600101, 3600102, 3600103, 3600104, 3600105, 3600106, 3600107, 3600108",,"3600150, 3600151, 3600152, 3600153, 3600154",,,,,,,,,,
n,36100,희귀 하늘 상자 1,"3600300, 3600301, 3600302, 3600303, 3600304, 3600305, 3600306, 3600307, 3600308",,"3600350, 3600351, 3600352, 3600353, 3600354",,,,,,,,,,
n,36101,희귀 하늘 상자 2,"3600300, 3600301, 3600302, 3600303, 3600304, 3600305, 3600306, 3600307, 3600308",,"3600350, 3600351, 3600352, 3600353, 3600354",,,,,,,,,,
n,36102,영웅 하늘 상자 1,"3600500, 3600501, 3600502, 3600503, 3600504, 3600505, 3600506, 3600507, 3600508, 3600509",,"3600650, 3600651, 3600652, 3600653, 3600654",,,,,,,,,,
n,36103,영웅 하늘 상자 2,"3600500, 3600501, 3600502, 3600503, 3600504, 3600505, 3600506, 3600507, 3600508, 3600509",,"3600650, 3600651, 3600652, 3600653, 3600654",,,,,,,,,,
n,36104,영웅 하늘 상자 3,"3600600, 3600601, 3600602, 3600603, 3600604, 3600605, 3600606, 3600607, 3600608, 3600609",,"3600650, 3600651, 3600652, 3600653, 3600654",,,,,,,,,,
n,36105,전설 하늘 상자 1,"3600600, 3600601, 3600602, 3600603, 3600604, 3600605, 3600606, 3600607, 3600608, 3600609",,"3600650, 3600651, 3600652, 3600653, 3600654",,,,,,,,,,
n,36106,전설 하늘 상자 2,"3600176, 3600177, 3600178, 3600179, 3600180, 3600181, 3600182, 3600183, 3600184, 3600185",,"3600186, 3600187, 3600188, 3600189, 3600190",,,,,,,,,,
n,36107,전설 하늘 상자 3,"3600176, 3600177, 3600178, 3600179, 3600180, 3600181, 3600182, 3600183, 3600184, 3600185",,"3600186, 3600187, 3600188, 3600189, 3600190",,,,,,,,,,
n,36108,고급 화산2 상자,"3600100, 3600101, 3600102, 3600103, 3600104, 3600105, 3600106, 3600107, 3600108",,"3600150, 3600151, 3600152, 3600153, 3600154",,,,,,,,,,
n,36109,희귀 화산2 상자 1,"3600300, 3600301, 3600302, 3600303, 3600304, 3600305, 3600306, 3600307, 3600308",,"3600350, 3600351, 3600352, 3600353, 3600354",,,,,,,,,,
n,36110,희귀 화산2 상자 2,"3600300, 3600301, 3600302, 3600303, 3600304, 3600305, 3600306, 3600307, 3600308",,"3600350, 3600351, 3600352, 3600353, 3600354",,,,,,,,,,
n,36111,영웅 화산2 상자 1,"3600500, 3600501, 3600502, 3600503, 3600504, 3600505, 3600506, 3600507, 3600508, 3600509",,"3600550, 3600551, 3600552, 3600553, 3600554",,,,,,,,,,
n,36112,영웅 화산2 상자 2,"3600600, 3600601, 3600602, 3600603, 3600604, 3600605, 3600606, 3600607",,"3600650, 3600651, 3600652, 3600653, 3600654",,,,,,,,,,
n,36113,영웅 화산2 상자 3,"3600600, 3600601, 3600602, 3600603, 3600604, 3600605, 3600606, 3600607, 3600608, 3600609",,"3600650, 3600651, 3600652, 3600653, 3600654",,,,,,,,,,
n,36114,전설 화산2 상자 1,"3600700, 3600701, 3600702, 3600703, 3600704, 3600705, 3600706, 3600709",,"3600186, 3600187, 3600188, 3600189, 3600190",,,,,,,,,,
n,36115,전설 화산2 상자 2,"3600176, 3600177, 3600178, 3600179, 3600180, 3600181, 3600182, 3600183, 3600184, 3600185",,"3600186, 3600187, 3600188, 3600189, 3600190",,,,,,,,,,
n,36116,전설 화산2 상자 3,"3600176, 3600177, 3600178, 3600179, 3600180, 3600181, 3600182, 3600183, 3600184, 3600185",,"3600186, 3600187, 3600188, 3600189, 3600190",,,,,,,,,,
n,36117,희귀 정령2 상자,"3600300, 3600301, 3600302, 3600303, 3600304, 3600305, 3600306, 3600307, 3600308",,"3600350, 3600351, 3600352, 3600353, 3600354",,,,,,,,,,
n,36118,영웅 정령2 상자 1,"3600500, 3600501, 3600502, 3600503, 3600504, 3600505, 3600506",,"3600550, 3600551, 3600552, 3600553, 3600554",,,,,,,,,,
n,36119,영웅 정령2 상자 2,"3600500, 3600501, 3600502, 3600503, 3600504, 3600505, 3600506, 3600507, 3600508, 3600509",,"3600550, 3600551, 3600552, 3600553, 3600554",,,,,,,,,,
n,36120,영웅 정령2 상자 3,"3600600, 3600601, 3600602, 3600603, 3600604, 3600605, 3600606, 3600607",,"3600650, 3600651, 3600652, 3600653, 3600654",,,,,,,,,,
n,36121,전설 정령2 상자 1,"3600700, 3600701, 3600702, 3600703, 3600704, 3600705, 3600706, 3600709",,"3600186, 3600187, 3600188, 3600189, 3600190",,,,,,,,,,
n,36122,전설 정령2 상자 2,"3600700, 3600701, 3600702, 3600703, 3600704, 3600705, 3600706, 3600707, 3600709",,"3600186, 3600187, 3600188, 3600189, 3600190",,,,,,,,,,
n,36123,전설 정령2 상자 3,"3600700, 3600701, 3600702, 3600703, 3600704, 3600705, 3600706, 3600707, 3600708, 3600709",,"3600186, 3600187, 3600188, 3600189, 3600190",,,,,,,,,,
n,36124,희귀 용암1 상자,"3600300, 3600301, 3600302, 3600303, 3600304, 3600305, 3600306",,"3600350, 3600351, 3600352, 3600353, 3600354",,,,,,,,,,
n,36125,영웅 용암1 상자 1,"3600500, 3600501, 3600502, 3600503, 3600504, 3600505, 3600506, 3600507, 3600508, 3600509",,"3600550, 3600551, 3600552, 3600553, 3600554",,,,,,,,,,
n,36126,영웅 용암1 상자 2,"3600600, 3600601, 3600602, 3600603, 3600604, 3600605, 3600606, 3600607",,"3600650, 3600651, 3600652, 3600653, 3600654",,,,,,,,,,
n,36127,영웅 용암1 상자 3,"3600600, 3600601, 3600602, 3600603, 3600604, 3600605, 3600606, 3600607, 3600608, 3600609",,"3600650, 3600651, 3600652, 3600653, 3600654",,,,,,,,,,
n,36128,전설 용암1 상자 1,"3600700, 3600701, 3600702, 3600703, 3600704, 3600705, 3600706, 3600709",,"3600186, 3600187, 3600188, 3600189, 3600190",,,,,,,,,,
n,36129,전설 용암1 상자 2,"3600700, 3600701, 3600702, 3600703, 3600704, 3600705, 3600706, 3600708, 3600709",,"3600186, 3600187, 3600188, 3600189, 3600190",,,,,,,,,,
n,36130,전설 용암1 상자 3,"3600176, 3600177, 3600178, 3600179, 3600180, 3600181, 3600182, 3600183, 3600184, 3600185",,"3600186, 3600187, 3600188, 3600189, 3600190",,,,,,,,,,
n,36131,희귀 황무지1 상자,"3600300, 3600301, 3600302, 3600303, 3600304, 3600305, 3600306",,"3600350, 3600351, 3600352, 3600353, 3600354",,,,,,,,,,
n,36132,영웅 황무지1 상자 1,"3600500, 3600501, 3600502, 3600503, 3600504, 3600505, 3600506, 3600507, 3600508, 3600509",,"3600550, 3600551, 3600552, 3600553, 3600554",,,,,,,,,,
n,36133,영웅 황무지1 상자 2,"3600600, 3600601, 3600602, 3600603, 3600604, 3600605, 3600606, 3600607",,"3600650, 3600651, 3600652, 3600653, 3600654",,,,,,,,,,
n,36134,영웅 황무지1 상자 3,"3600600, 3600601, 3600602, 3600603, 3600604, 3600605, 3600606, 3600607, 3600608, 3600609",,"3600650, 3600651, 3600652, 3600653, 3600654",,,,,,,,,,
n,36135,전설 황무지1 상자 1,"3600176, 3600177, 3600178, 3600179, 3600180, 3600181, 3600182, 3600183",,"3600186, 3600187, 3600188, 3600189, 3600190",,,,,,,,,,
n,36136,전설 황무지1 상자 2,"3600176, 3600177, 3600178, 3600179, 3600180, 3600181, 3600182, 3600183, 3600184, 3600185",,"3600186, 3600187, 3600188, 3600189, 3600190",,,,,,,,,,
n,36137,희귀 사막1 상자,"3600300, 3600301, 3600302, 3600303, 3600304, 3600305, 3600306, 3600307",,"3600350, 3600351, 3600352, 3600353, 3600354",,,,,,,,,,
n,36138,영웅 사막1 상자 1,"3600500, 3600501, 3600502, 3600503, 3600504, 3600505, 3600506, 3600507, 3600508, 3600509",,"3600550, 3600551, 3600552, 3600553, 3600554",,,,,,,,,,
n,36139,영웅 사막1 상자 2,"3600600, 3600601, 3600602, 3600603, 3600604, 3600605, 3600606, 3600607",,"3600650, 3600651, 3600652, 3600653, 3600654",,,,,,,,,,
n,36140,영웅 사막1 상자 3,"3600600, 3600601, 3600602, 3600603, 3600604, 3600605, 3600606, 3600607, 3600608, 3600609",,"3600650, 3600651, 3600652, 3600653, 3600654",,,,,,,,,,
n,36141,전설 사막1 상자 1,"3600176, 3600177, 3600178, 3600179, 3600180, 3600181, 3600182, 3600183",,"3600186, 3600187, 3600188, 3600189, 3600190",,,,,,,,,,
n,36142,전설 사막1 상자 2,"3600176, 3600177, 3600178, 3600179, 3600180, 3600181, 3600182, 3600183, 3600184, 3600185",,"3600186, 3600187, 3600188, 3600189, 3600190",,,,,,,,,,
n,36143,희귀 용암2 상자,"3600300, 3600301, 3600302, 3600303, 3600304, 3600305, 3600306, 3600307",,"3600350, 3600351, 3600352, 3600353, 3600354",,,,,,,,,,
n,36144,영웅 용암2 상자 1,"3600500, 3600501, 3600502, 3600503, 3600504, 3600505, 3600506",,"3600550, 3600551, 3600552, 3600553, 3600554",,,,,,,,,,
n,36145,영웅 용암2 상자 2,"3600500, 3600501, 3600502, 3600503, 3600504, 3600505, 3600506, 3600507",,"3600550, 3600551, 3600552, 3600553, 3600554",,,,,,,,,,
n,36146,영웅 용암2 상자 3,"3600500, 3600501, 3600502, 3600503, 3600504, 3600505, 3600506, 3600507, 3600508, 3600509",,"3600550, 3600551, 3600552, 3600553, 3600554",,,,,,,,,,
n,36147,전설 용암2 상자 1,"3600176, 3600177, 3600178, 3600179, 3600180, 3600181, 3600182, 3600183",,"3600186, 3600187, 3600188, 3600189, 3600190",,,,,,,,,,
n,36148,전설 용암2 상자 2,"3600176, 3600177, 3600178, 3600179, 3600180, 3600181, 3600182, 3600183, 3600184, 3600185",,"3600186, 3600187, 3600188, 3600189, 3600190",,,,,,,,,,
n,36149,희귀 하늘2 상자,"3600300, 3600301, 3600302, 3600303, 3600304, 3600305, 3600306, 3600307, 3600308",,"3600350, 3600351, 3600352, 3600353, 3600354",,,,,,,,,,
n,36150,영웅 하늘2 상자 1,"3600500, 3600501, 3600502, 3600503, 3600504, 3600505, 3600506",,"3600550, 3600551, 3600552, 3600553, 3600554",,,,,,,,,,
n,36151,영웅 하늘2 상자 2,"3600500, 3600501, 3600502, 3600503, 3600504, 3600505, 3600506, 3600507",,"3600550, 3600551, 3600552, 3600553, 3600554",,,,,,,,,,
n,36152,영웅 하늘2 상자 3,"3600500, 3600501, 3600502, 3600503, 3600504, 3600505, 3600506, 3600507, 3600508, 3600509",,"3600550, 3600551, 3600552, 3600553, 3600554",,,,,,,,,,
n,36153,전설 하늘2 상자 1,"3600176, 3600177, 3600178, 3600179, 3600180, 3600181, 3600182, 3600183",,"3600186, 3600187, 3600188, 3600189, 3600190",,,,,,,,,,
n,36154,전설 하늘2 상자 2,"3600176, 3600177, 3600178, 3600179, 3600180, 3600181, 3600182, 3600183, 3600184, 3600185",,"3600186, 3600187, 3600188, 3600189, 3600190",,,,,,,,,,
n,36155,희귀 황무지2 상자,"3600300, 3600301, 3600302, 3600303, 3600304, 3600305, 3600306, 3600307, 3600308",,"3600350, 3600351, 3600352, 3600353, 3600354",,,,,,,,,,
n,36156,영웅 황무지2 상자 1,"3600500, 3600501, 3600502, 3600503, 3600504, 3600505, 3600506, 3600507, 3600508, 3600509",,"3600550, 3600551, 3600552, 3600553, 3600554",,,,,,,,,,
n,36157,영웅 황무지2 상자 2,"3600600, 3600601, 3600602, 3600603, 3600604, 3600605, 3600606, 3600607, 3600608, 3600609",,"3600650, 3600651, 3600652, 3600653, 3600654",,,,,,,,,,
n,36158,영웅 황무지2 상자 3,"3600600, 3600601, 3600602, 3600603, 3600604, 3600605, 3600606, 3600607, 3600608, 3600609",,"3600650, 3600651, 3600652, 3600653, 3600654",,,,,,,,,,
n,36159,전설 황무지2 상자 1,"3600700, 3600701, 3600702, 3600703, 3600704, 3600705, 3600706, 3600707",,"3600750, 3600751, 3600752, 3600753, 3600754",,,,,,,,,,
n,36160,전설 황무지2 상자 2,"3600176, 3600177, 3600178, 3600179, 3600180, 3600181, 3600182, 3600183",,"3600186, 3600187, 3600188, 3600189, 3600190",,,,,,,,,,
n,36161,전설 황무지2 상자 3,"3600176, 3600177, 3600178, 3600179, 3600180, 3600181, 3600182, 3600183, 3600184, 3600185",,"3600186, 3600187, 3600188, 3600189, 3600190",,,,,,,,,,
n,36162,영웅 사막2 상자 1,"3600500, 3600501, 3600502, 3600503, 3600504, 3600505, 3600506",,"3600550, 3600551, 3600552, 3600553, 3600554",,,,,,,,,,
n,36163,영웅 사막2 상자 2,"3600500, 3600501, 3600502, 3600503, 3600504, 3600505, 3600506, 3600507, 3600508, 3600509",,"3600550, 3600551, 3600552, 3600553, 3600554",,,,,,,,,,
n,36164,영웅 사막2 상자 3,"3600600, 3600601, 3600602, 3600603, 3600604, 3600605, 3600606, 3600607, 3600608, 3600609",,"3600650, 3600651, 3600652, 3600653, 3600654",,,,,,,,,,
n,36165,전설 사막2 상자 1,"3600700, 3600701, 3600702, 3600703, 3600704, 3600705, 3600706, 3600707",,"3600750, 3600751, 3600752, 3600753, 3600754",,,,,,,,,,
n,36166,전설 사막2 상자 2,"3600176, 3600177, 3600178, 3600179, 3600180, 3600181, 3600182",,"3600186, 3600187, 3600188, 3600189, 3600190",,,,,,,,,,
n,36167,전설 사막2 상자 3,"3600176, 3600177, 3600178, 3600179, 3600180, 3600181, 3600182, 3600183, 3600184, 3600185",,"3600186, 3600187, 3600188, 3600189, 3600190",,,,,,,,,,
n,36168,티타늄 무기 상자,"3600900, 3600901, 3600902, 3600903, 3600904, 3600905, 3600906",,,,,,,,,,,,
n,36169,위키드라임(쉬움) 상자,"3601300, 3601301, 3601302, 3601303, 3601304, 3601305, 3601306, 3601307, 3601308, 3601309",,"3601350, 3601351, 3601352, 3601353, 3601354, 3601355, 3601356, 3601357, 3601358, 3601359, 3601360, 3601361",,,,,,,,,,
n,36170,위키드라임(보통) 상자,"3601300, 3601301, 3601302, 3601303, 3601304, 3601305, 3601306, 3601307, 3601308, 3601309, 3601310",,"3601350, 3601351, 3601352, 3601353, 3601354, 3601355, 3601356, 3601357, 3601358, 3601359, 3601360, 3601361",,,,,,,,,,
n,36171,호드(쉬움) 상자,"3601400, 3601401, 3601402, 3601403, 3601404, 3601405, 3601406",,"3601450, 3601451, 3601452, 3601453, 3601454, 3601455, 3601456, 3601457, 3601458, 3601459, 3601460, 3601461",,,,,,,,,,
n,36172,호드(보통) 상자,"3601400, 3601401, 3601402, 3601403, 3601404, 3601405, 3601406, 3601407",,"3601450, 3601451, 3601452, 3601453, 3601454, 3601455, 3601456, 3601457, 3601458, 3601459, 3601460, 3601461",,,,,,,,,,
n,36173,호드(어려움) 상자,"3601400, 3601401, 3601402, 3601403, 3601404, 3601405, 3601406, 3601407, 3601408, 3601409, 3601410",,"3601450, 3601451, 3601452, 3601453, 3601454, 3601455, 3601456, 3601457, 3601458, 3601459, 3601460, 3601461",,,,,,,,,,
n,36174,아케론(쉬움) 상자,"3601700, 3601701, 3601702, 3601703, 3601704, 3601705, 3601706, 3601707",,"3601750, 3601751, 3601752, 3601753, 3601754, 3601755, 3601756, 3601757, 3601758, 3601759, 3601760, 3601761",,,,,,,,,,
n,36175,아케론(보통) 상자,"3601700, 3601701, 3601702, 3601703, 3601704, 3601705, 3601706, 3601707, 3601708, 3601709",,"3601750, 3601751, 3601752, 3601753, 3601754, 3601755, 3601756, 3601757, 3601758, 3601759, 3601760, 3601761",,,,,,,,,,
n,36176,아케론(어려움) 상자,"3601700, 3601701, 3601702, 3601703, 3601704, 3601705, 3601706, 3601707, 3601708, 3601709, 3601710",,"3601750, 3601751, 3601752, 3601753, 3601754, 3601755, 3601756, 3601757, 3601758, 3601759, 3601760, 3601761",,,,,,,,,,
n,36177,카발라(쉬움) 상자,"3601600, 3601601, 3601602, 3601603, 3601604, 3601605, 3601606",,"3601650, 3601651, 3601652, 3601653, 3601654, 3601655, 3601656, 3601657, 3601658, 3601659, 3601660, 3601661",,,,,,,,,,
n,36178,카발라(보통) 상자,"3601600, 3601601, 3601602, 3601603, 3601604, 3601605, 3601606",,"3601650, 3601651, 3601652, 3601653, 3601654, 3601655, 3601656, 3601657, 3601658, 3601659, 3601660, 3601661",,,,,,,,,,
n,36179,카발라(어려움) 상자,"3601600, 3601601, 3601602, 3601603, 3601604, 3601605, 3601606",,"3601650, 3601651, 3601652, 3601653, 3601654, 3601655, 3601656, 3601657, 3601658, 3601659, 3601660, 3601661",,,,,,,,,,
n,36180,네르갈(쉬움) 상자,"3601500, 3601501, 3601502, 3601503, 3601504",,"3601550, 3601551, 3601552, 3601553, 3601554, 3601555, 3601556, 3601557, 3601558, 3601559, 3601560, 3601561",,,,,,,,,,
n,36181,네르갈(보통) 상자,"3601500, 3601501, 3601502, 3601503, 3601504, 3601505",,"3601550, 3601551, 3601552, 3601553, 3601554, 3601555, 3601556, 3601557, 3601558, 3601559, 3601560, 3601561",,,,,,,,,,
n,36182,네르갈(어려움) 상자,"3601500, 3601501, 3601502, 3601503, 3601504, 3601505, 3601506",,"3601550, 3601551, 3601552, 3601553, 3601554, 3601555, 3601556, 3601557, 3601558, 3601559, 3601560, 3601561",,,,,,,,,,
n,36183,샤르쿠(보통) 상자,"3601800, 3601801, 3601802, 3601803, 3601804, 3601805, 3601806, 3601807",,"3601850, 3601851, 3601852, 3601853, 3601854, 3601855, 3601856, 3601857, 3601858, 3601859, 3601860, 3601861",,,,,,,,,,
n,36184,샤르쿠(어려움) 상자,"3601800, 3601801, 3601802, 3601803, 3601804, 3601805, 3601806, 3601807, 3601808, 3601809, 3601810",,"3601850, 3601851, 3601852, 3601853, 3601854, 3601855, 3601856, 3601857, 3601858, 3601859, 3601860, 3601861",,,,,,,,,,
n,36185,바스테트(쉬움) 상자,"3601900, 3601901, 3601902, 3601903, 3601904, 3601905, 3601906, 3601907, 3601908, 3601909, 3601910",,"3601950, 3601951, 3601952, 3601953, 3601954, 3601955, 3601956, 3601957, 3601958, 3601959, 3601960, 3601961",,,,,,,,,,
n,36186,바스테트(보통) 상자,"3601900, 3601901, 3601902, 3601903, 3601904, 3601905, 3601906, 3601907, 3601908, 3601909, 3601910",,"3601950, 3601951, 3601952, 3601953, 3601954, 3601955, 3601956, 3601957, 3601958, 3601959, 3601960, 3601961",,,,,,,,,,
n,36187,신비 장비 상자,"3601000, 3601001, 3601002, 3601003, 3601004, 3601005, 3601006",,,,,,,,,,,,
n,36188,신비 무기 상자,,,"3601150, 3601151, 3601152, 3601153, 3601154",,,,,,,,,,
n,36189,신비 상자,"3601200, 3601201, 3601202, 3601203, 3601204, 3601205, 3601206",,,,,,,,,,,,
n,36190,축복 방어구 상자,"3604100, 3604101, 3604102, 3604103, 3604104, 3604105, 3604106, 3604107, 3604108, 3604109, 3604110, 3604111, 3604112, 3604113, 3604114, 3604115, 3604116, 3604117, 3604118, 3604119, 3604120, 3604121, 3604122, 3604123, 3604124, 3604125, 3604126, 3604127, 3604128, 3604129, 3604130, 3604131, 3604132, 3604133, 3604134, 3604135, 3604136, 3604137, 3604138, 3604139, 3604140, 3604141, 3604142, 3604143",,,,,,,,,,,,
b_0,40000,파워큐브에서 사용,4000000 ,,,,,,,,,,,,
b_0,40001,파워큐브에서 사용,4000100 ,,,,,,,,,,,,
b_0,40002,파워큐브에서 사용,4000200 ,,,,,,,,,,,,
b_0,40003,파워큐브에서 사용,4000200 ,,,,,,,,,,,,
b_0,40004,파워큐브에서 사용,4000400 ,,,,,,,,,,,,
b_0,40005,체력코어,4000500 ,,,,,,,,,,,,
b_0,40006,코스트코어,4000600 ,,,,,,,,,,,,
b_0,42000,연금술 부산물,"4200000, 4200001",,,,,,,,,,,,
n,,,,,,,,,,,,,,,
b_0,500100,"레이드 기본 (경험치, 골드)","500100, 500101",,,,,,,,,,,,
b_0,500200,레이드 기본 (재능포인트),500200,,,,,,,,,,,,
n,,,,,,,,,,,,,,,
n,,,,,,,,,,,,,,,
n,,,,,,,,,,,,,,,
n,100000,1층 보상,100 ,,,,,,,,,,,,
n,100001,2층 보상,100 ,,,,,,,,,,,,
n,100002,3층 보상,100 ,,,,,,,,,,,,
n,100003,4층 보상,100 ,,,,,,,,,,,,
n,100004,5층 보상,100 ,,,,,,,,,,,,
b_0,99999,임시 보상,9999900 ,,,,,,,,,,,,
n,20000,정규레이드 상자 - 위키드 0,,,,,,,,,,,,,
n,,정규레이드 상자 - 위키드 1,,,,,,,,,,,,,
n,,정규레이드 상자 - 대왕쥐 0,,,,,,,,,,,,,
n,,정규레이드 상자 - 대왕쥐 1,,,,,,,,,,,,,
n,,정규레이드 상자 - 호드 0,,,,,,,,,,,,,
n,,정규레이드 상자 - 호드 1,,,,,,,,,,,,,
n,,정규레이드 상자 - 호드 2,,,,,,,,,,,,,
n,,정규레이드 상자 - 아케론 0,,,,,,,,,,,,,
n,,정규레이드 상자 - 아케론 1,,,,,,,,,,,,,
n,,정규레이드 상자 - 아케론 2,,,,,,,,,,,,,
n,,정규레이드 상자 - 얼골 0,,,,,,,,,,,,,
n,,정규레이드 상자 - 얼골 1,,,,,,,,,,,,,
n,,정규레이드 상자 - 얼골 2,,,,,,,,,,,,,
n,,정규레이드 상자 - 화산 0,,,,,,,,,,,,,
n,,정규레이드 상자 - 화산 1,,,,,,,,,,,,,
n,,정규레이드 상자 - 화산 2,,,,,,,,,,,,,
n,,정규레이드 상자 - 하늘섬 1,,,,,,,,,,,,,
n,,정규레이드 상자 - 하늘섬 2,,,,,,,,,,,,,
n,,정규레이드 상자 - 하늘섬 3,,,,,,,,,,,,,
n,,정규레이드 상자 - 전설용 1,,,,,,,,,,,,,
n,,정규레이드 상자 - 전설용 2,,,,,,,,,,,,,
n,,정규레이드 상자 - 전설용 3,,,,,,,,,,,,,
n,,정규레이드 상자 - 오크 1,,,,,,,,,,,,,
n,,정규레이드 상자 - 오크 2,,,,,,,,,,,,,
n,,정규레이드 상자 - 바스테트1,,,,,,,,,,,,,
n,,정규레이드 상자 - 바스테트2,,,,,,,,,,,,,
b_0,310100,루팅 드랍 - 위키드 ,"310100, 310101, 310102","400100, 310110",,,,,,,,,,,
b_0,310110,루팅 드랍 - 장비 (1~10 티어),"300000, 300001, 300002, 300003, 300004, 300005, 300006, 300007, 300008, 300009, 300010, 300011, 300012, 300013, 300014, 300015, 300016, 300017, 300018, 300019, 300020, 300021, 300022, 300023, 300024, 300025, 300026, 300027, 300028, 300029, 300030, 300031, 300032, 300033, 300034, 300035, 300036, 300037, 300038, 300039, 300040",,,,,,,,,,,,
n,,루팅 드랍 - 대왕 쥐 0,,,,,,,,,,,,,
n,,루팅 드랍 - 대왕 쥐 1,,,,,,,,,,,,,
b_0,310300,루팅 드랍 - 호드 0,"310300, 310301, 310302, 310303","400100, 310310",,,,,,,,,,,
b_0,310310,루팅 드랍 - 장비 (1~13 티어),"300014, 300015, 300016, 300017, 300018, 300019, 300020, 300021, 300022, 300023, 300024, 300025, 300026, 300027, 300028, 300029, 300030, 300031, 300032, 300033, 300034, 300035, 300036, 300037, 300038, 300039, 300040, 300041, 300042, 300043, 300044, 300045, 300046, 300047, 300048, 300049, 300050, 300051, 300052, 300053, 300054, 300055, 300056",,,,,,,,,,,,
b_0,310400,루팅 드랍 - 아케론  ,"310400, 310401, 310402, 310500","400100, 310410",,,,,,,,,,,
b_0,310410,루팅 드랍 - 아케론 (~16티어),"300014, 300015, 300016, 300017, 300018, 300019, 300020, 300021, 300022, 300023, 300024, 300025, 300026, 300027, 300028, 300029, 300030, 300031, 300032, 300033, 300034, 300035, 300036, 300037, 300038, 300039, 300040, 300041, 300042, 300043, 300044, 300045, 300046, 300047, 300048, 300049, 300050, 300051, 300052, 300053, 300054, 300055, 300056, 300057, 300058, 300059, 300060, 300061, 300062, 300063, 300064",,,,,,,,,,,,
b_0,310500,루팅 드랍 - 얼골,"310500, 310501, 310502, 310503, 310504","400200, 310510",,,,,,,,,,,
b_0,310510,루팅 드랍 - 얼골 (23티어),"300018, 300019, 300020, 300021, 300022, 300023, 300024, 300025, 300026, 300027, 300028, 300029, 300030, 300031, 300032, 300033, 300034, 300035, 300036, 300037, 300038, 300039, 300040, 300041, 300042, 300043, 300044, 300045, 300046, 300047, 300048, 300049, 300050, 300051, 300052, 300053, 300054, 300055, 300056, 300057, 300058, 300059, 300060, 300061, 300062, 300063, 300064, 300065, 300066, 300067, 300068, 300069, 300070, 300071, 300072, 300073, 300074, 300075, 300076, 300077, 300078, 300079, 300080, 300081, 300082, 300083, 300084, 300085, 300086, 300087, 300088, 300089",,,,,,,,,,,,
n,,루팅 드랍 - 화산 0,,,,,,,,,,,,,
n,,루팅 드랍 - 하늘섬 1,,,,,,,,,,,,,
b_0,310800,루팅 드랍 - 전설의용 1,"310800, 310801, 310802, 310803, 310804","400200, 310810",,,,,,,,,,,
b_0,310810,루팅 드랍 - 전설의용 (~27티어),"300027, 300028, 300029, 300030, 300031, 300032, 300033, 300034, 300035, 300036, 300037, 300038, 300039, 300040, 300041, 300042, 300043, 300044, 300045, 300046, 300047, 300048, 300049, 300050, 300051, 300052, 300053, 300054, 300055, 300056, 300057, 300058, 300059, 300060, 300061, 300062, 300063, 300064, 300065, 300066, 300067, 300068, 300069, 300070, 300071, 300072, 300073, 300074, 300075, 300076, 300077, 300078, 300079, 300080, 300081, 300082, 300083, 300084, 300085, 300086, 300087, 300088, 300089",,,,,,,,,,,,
b_0,310900,루팅 드랍 - 오크보스 1,"310900, 310901, 310902, 310903","400200, 310910",,,,,,,,,,,
b_0,310910,루팅 드랍 - 오크보스 2 (~32티어),"300041, 300042, 300043, 300044, 300045, 300046, 300047, 300048, 300049, 300050, 300051, 300052, 300053, 300054, 300055, 300056, 300057, 300058, 300059, 300060, 300061, 300062, 300063, 300064, 300065, 300066, 300067, 300068, 300069, 300070, 300071, 300072, 300073, 300074, 300075, 300076, 300077, 300078, 300079, 300080, 300081, 300082, 300083, 300084, 300085, 300086, 300087, 300088, 300089, 300090, 300091, 300092, 300093, 300094, 300095, 300096, 300097, 300098, 300099, 300100, 300101, 300102, 300103, 300104, 300105",,,,,,,,,,,,
b_0,311000,루팅 드랍 - 바스테트 1,"311000, 311001, 311002, 311003","400200, 311010",,,,,,,,,,,
b_0,311010,루팅 드랍 - 바스테트 2 (~32티어),"300041, 300042, 300043, 300044, 300045, 300046, 300047, 300048, 300049, 300050, 300051, 300052, 300053, 300054, 300055, 300056, 300057, 300058, 300059, 300060, 300061, 300062, 300063, 300064, 300065, 300066, 300067, 300068, 300069, 300070, 300071, 300072, 300073, 300074, 300075, 300076, 300077, 300078, 300079, 300080, 300081, 300082, 300083, 300084, 300085, 300086, 300087, 300088, 300089, 300090, 300091, 300092, 300093, 300094, 300095, 300096, 300097, 300098, 300099, 300100, 300101, 300102, 300103, 300104, 300105",,,,,,,,,,,,
n,,,,,,,,,,,,,,,
n,,,,,,,,,,,,,,,
n,,,,,,,,,,,,,,,
n,,루팅 드랍 - 필보,,,,,,,,,,,,,
n,,루팅 드랍 - 필보,,,,,,,,,,,,,
n,,루팅 드랍 - 필보,,,,,,,,,,,,,
n,,,,,,,,,,,,,,,
n,,,,,,,,,,,,,,,
n,,"솔 레이드 - 완료 보상 (경험치, 골드) 1",,,,,,,,,,,,,
n,,,,,,,,,,,,,,,
n,,솔 레이드 - 최초 완료 보상 1,,,,,,,,,,,,,
n,,,,,,,,,,,,,,,
n,,,,,,,,,,,,,,,
n,,,,,,,,,,,,,,,
n,,,,,,,,,,,,,,,
n,,,,,,,,,,,,,,,
b_0,210100,글로벌_재료티어_1,"210100, 210101, 210102, 210103, 210104, 210105, 210106, 210107, 210108, 210109, 210110, 210111",,,,,,,,,,,,
b_0,210200,글로벌_재료티어_2,"210200, 210201, 210202, 210203, 210204, 210205, 210206, 210207, 210208, 210209, 210210, 210211",,,,,,,,,,,,
b_0,210300,글로벌_재료티어_3,"210300, 210301, 210302, 210303, 210304, 210305, 210306, 210307, 210308, 210309, 210310, 210311",,,,,,,,,,,,
b_0,220300,지역드랍_봄,"220300, 220301, 220303",,,,,,,,,,,,
b_0,220400,지역드랍_지하,"220400, 220401, 220402",,,,,,,,,,,,
b_0,221600,지역드랍_화산,"221600, 221601, 221602",,,,,,,,,,,,
b_0,221000,지역드랍_설원,"221000, 221001, 221002, 221003",,,,,,,,,,,,
b_0,220500,지역드랍_깊은숲,"220500, 220501, 220502",,,,,,,,,,,,
b_0,220700,지역드랍_수정동굴,"220700, 220701, 220702",,,,,,,,,,,,
b_0,220900,지역드랍_설원2,"220900, 220901, 220902",,,,,,,,,,,,
b_0,221500,지역드랍_화산2,"221500, 221501, 221502",,,,,,,,,,,,
b_0,220800,지역드랍_용암,"220800, 220801, 220802",,,,,,,,,,,,
b_0,221200,지역드랍_황무지,"221200, 221201",,,,,,,,,,,,
b_0,221100,지역드랍_사막,"221100, 221101",,,,,,,,,,,,
b_0,230100,레벨드랍 1~20,"230100, 230101, 230102, 230103, 230104, 230105, 230106, 230107",,,,,,,,,,,,
b_0,230400,레벨드랍 ~40,"230400, 230401, 230402, 230403, 230404, 230405, 230406, 230407, 230408, 230409",,,,,,,,,,,,
b_0,230600,레벨드랍 ~60,"230600, 230601, 230602, 230603, 230604, 230605, 230606, 230607, 230608, 230609",,,,,,,,,,,,
b_0,240100,장비 Grade_1,"240100, 240101, 240102, 240103, 240104, 240105, 240106, 240107, 240108, 240109, 240110, 240111, 240112, 240113, 240114, 240115, 240116, 240117, 240118, 240119, 240120, 240121, 240122, 240123, 240124, 240125, 240126, 240127, 240128, 240129, 240130, 240131, 240132, 240133, 240134, 240135, 240136, 240137, 240138, 240139, 240140, 240141, 240142, 240143, 240144, 240145, 240146, 240147, 240148, 240149, 240150, 240151, 240152, 240153",,,,,,,,,,,,
b_0,400100,정규 레이드 골드 파티 Grade 1,"400100, 400110, 400120, 400130, 400140",,,,,,,,,,,,
b_0,400200,정규 레이드 골드 파티 Grade 2,"400200, 400210, 400220, 400230, 400240",,,,,,,,,,,,
n,,,,,,,,,,,,,,,
b_0,500100,"레이드 기본 보상(경치, 골드)","500100, 500101",,,,,,,,,,,,
b_0,500200,레이드 기본 보상(재능포인트),500200 ,,,,,,,,,,,,
n,,,,,,,,,,,,,,,
b_0,9010000,BM 무기상자 녹템 - 목록,9010100,,,,,,,,,,,,
b_0,9010100,BM 무기상자 녹템,"9010101, 9010102, 9010103",,"9010104, 9010105, 9010106, 9010107, 9010108, 9010109",,,,,,,,,,
b_0,9020000,BM 무기상자 파템 - 목록,9020100,,,,,,,,,,,,
b_0,9020100,BM 무기상자 파템,"9020101, 9020102, 9020103",,"9020104, 9020105, 9020106, 9020107, 9020108, 9020109, 9020110, 9020111",,,,,,,,,,
b_0,9030000,BM 무기상자 영웅 - 목록,9010100,,,,,,,,,,,,
b_0,9040000,BM 무기상자 전설 - 목록,9010100,,,,,,,,,,,,
b_0,9050000,BM 방어상자 녹템 - 목록,9050100,,,,,,,,,,,,
b_0,9050100,BM 방어상자 녹템 ,"9050101, 9050102, 9050103",,"9050104, 9050105, 9050106, 9050107, 9050108, 9050109, 9050110, 9050111, 9050112, 9050113, 9050114, 9050115, 9050116, 9050117, 9050118, 9050119, 9050120, 9050121, 9050122, 9050123",,,,,,,,,,
b_0,9060000,BM 방어구 상자 파템 - 목록,9020100,,,,,,,,,,,,
b_0,9070000,BM 방어구 상자 영웅 - 목록,9020100,,,,,,,,,,,,
b_0,9100000,BM 신비상자 아이템,"9100001, 9100002, 9100003, 9100004, 9100005, 9100006, 9100007, 9100008, 9100009, 9100010, 9100011",,"9100012, 9100013, 9100014, 9100015, 9100016, 9100017, 9100018, 9100019, 9100020, 9100021, 9100022, 9100023, 9100024, 9100025, 9100026, 9100027, 9100028, 9100029, 9100030, 9100031, 9100032, 9100033, 9100034, 9100035, 9100036, 9100037, 9100038, 9100039, 9100040, 9100041, 9100042, 9100043, 9100044, 9100045, 9100046, 9100047, 9100048, 9100049, 9100050, 9100051, 9100052, 9100053, 9100054, 9100055, 9100056, 9100057, 9100058, 9100059, 9100060, 9100061, 9100062, 9100063, 9100064",,,,,,,,,,
b_0,9101000,BM상품 신비상자 1개 중복,9101000,,,,,,,,,,,,
b_0,9102000,BM상품 신비상자 10개 중복,9102000,,,,,,,,,,,,
b_0,9103000,BM상품 제작패키지,"9103000, 9103010, 9103020",,,,,,,,,,,,
b_0,9104000,BM상품 장신구 패키지,"9104000, 9104010, 9104020",,,,,,,,,,,,
b_0,9105000,BM상품 망토 제작 패키지,"9105000, 9105010",,,,,,,,,,,,
b_0,9106000,BM상품 재능포인트,9106000,,,,,,,,,,,,
b_0,9107000,BM상품 재능포인트 큼,9107000,,,,,,,,,,,,
b_0,9108000,BM상품 신비포션 10,9108000,,,,,,,,,,,,
b_0,9109000,BM상품 신비포션 50,9109000,,,,,,,,,,,,
b_0,9110000,BM상품 빛나는 강화 주문서 1,9110000,,,,,,,,,,,,
b_0,9111000,BM상품 빛나는 강화 주문서 10,9111000,,,,,,,,,,,,
b_0,9112000,BM상품 빛나는 경험치 부스터 5,9120000,,,,,,,,,,,,
b_0,9113000,BM상품 빛나는 경험치 부스터 10,9130000,,,,,,,,,,,,
b_0,9140100,골드 120,9140100 ,,,,,,,,,,,,
b_0,9140110,골드 250,9140110 ,,,,,,,,,,,,
b_0,9140120,골드 1100,9140120 ,,,,,,,,,,,,
b_0,9140130,골드 5500,9140130 ,,,,,,,,,,,,
b_0,9140140,골드 12000,9140140 ,,,,,,,,,,,,
b_0,9140150,골드 55000,9140150 ,,,,,,,,,,,,
